{"ActsLwipTest": {"subsystem": "communication", "build_target_name": "ActsLwipTest"}, "ActsSoftBusTest": {"subsystem": "communication", "build_target_name": "ActsSoftBusTest"}, "ActsWifiServiceTest": {"subsystem": "communication", "build_target_name": "ActsWifiServiceTest"}, "ActsParameterTest": {"subsystem": "startup", "build_target_name": "ActsParameterTest"}, "ActsUtilsFileTest": {"subsystem": "utils", "build_target_name": "ActsUtilsFileTest"}, "ActsWifiIotTest": {"subsystem": "iot_hardware", "build_target_name": "ActsWifiIotTest"}, "ActsCMSISTest": {"subsystem": "kernel", "build_target_name": "ActsCMSISTest"}, "ActsKvStoreTest": {"subsystem": "utils", "build_target_name": "ActsKvStoreTest"}, "ActsSecurityDataTest": {"subsystem": "security", "build_target_name": "ActsSecurityDataTest"}, "ActsSamgrTest": {"subsystem": "distributed_schedule", "build_target_name": "ActsSamgrTest"}, "ActsUpdaterFuncTest": {"subsystem": "update", "build_target_name": "ActsUpdaterFuncTest"}, "ActsBootstrapTest": {"subsystem": "startup", "build_target_name": "ActsBootstrapTest"}}